{"vocab_size": 6509, "num_entities": 0, "num_intents": 0, "learning_rate": 0.00031704029216981524, "weight_decay": 4.881889552694983e-06, "dropout_rate": 0.06903808315941967}